<?xml version="1.0" encoding="UTF-8"?>
<project-private xmlns="http://www.netbeans.org/ns/project-private/1">
    <editor-bookmarks xmlns="http://www.netbeans.org/ns/editor-bookmarks/2" lastBookmarkId="0"/>
    <open-files xmlns="http://www.netbeans.org/ns/projectui-open-files/2">
        <group>
            <file>file:/C:/xampp/htdocs/phpProject/Portal/Model/LoginViewModel.php</file>
            <file>file:/C:/xampp/htdocs/phpProject/Portal/View/Account/login.php</file>
            <file>file:/C:/xampp/htdocs/phpProject/Portal/Controller/RegisterController.php</file>
            <file>file:/C:/xampp/htdocs/phpProject/BLL/DoLogin.php</file>
            <file>file:/C:/xampp/htdocs/phpProject/BLL/DoRegister.php</file>
            <file>file:/C:/xampp/htdocs/phpProject/Portal/View/Home/index.php</file>
            <file>file:/C:/xampp/htdocs/phpProject/Portal/Model/RegisterViewModel.php</file>
            <file>file:/C:/xampp/htdocs/phpProject/Portal/Controller/LoginController.php</file>
            <file>file:/C:/xampp/htdocs/phpProject/Portal/View/Account/myInfo.php</file>
            <file>file:/C:/xampp/htdocs/phpProject/Portal/View/Account/loginFragment.php</file>
            <file>file:/C:/xampp/htdocs/phpProject/DAL/AccessDatabase.php</file>
        </group>
    </open-files>
</project-private>
